population,city,country,latitude,longitude
39.1,Tokyo,Japan,35.6839,139.7744
35.36,Jakarta,Indonesia,-6.2146,106.8451
31.87,Delhi,India,28.6667,77.2167
23.97,Manila,Philippines,14.6,120.9833
22.5,São Paulo,Brazil,-23.5504,-46.6339
22.39,Seoul,South Korea,37.56,126.99
22.19,Mumbai,India,19.0758,72.8775
22.12,Shanghai,China,31.1667,121.4667
21.5,Mexico City,Mexico,19.4333,-99.1333
21.49,Guangzhou,China,23.1288,113.259
19.79,Cairo,Egypt,30.0444,31.2358
19.44,Beijing,China,39.904,116.4075
18.71,New York,United States,40.6943,-73.9249
18.7,Kolkāta,India,22.5727,88.3639
17.69,Moscow,Russia,55.7558,37.6178
17.57,Bangkok,Thailand,13.75,100.5167
16.84,Dhaka,Bangladesh,23.7289,90.3944
16.22,Buenos Aires,Argentina,-34.5997,-58.3819
15.49,Lagos,Nigeria,6.45,3.4
15.49,Ōsaka,Japan,34.752,135.4582
15.31,Istanbul,Turkey,41.01,28.9603
15.29,Karachi,Pakistan,24.86,67.01
15.06,Kinshasa,Congo (Kinshasa),-4.3317,15.3139
14.68,Shenzhen,China,22.535,114.054
14.0,Bangalore,India,12.9791,77.5913
13.95,Ho Chi Minh City,Vietnam,10.8167,106.6333
13.82,Tehran,Iran,35.7,51.4167
12.75,Los Angeles,United States,34.1139,-118.4068
12.49,Rio de Janeiro,Brazil,-22.9083,-43.1964
11.92,Chengdu,China,30.66,104.0633
11.86,Baoding,China,38.8671,115.4845
11.56,Chennai,India,13.0825,80.275
11.15,Lahore,Pakistan,31.5497,74.3436
11.12,London,United Kingdom,51.5072,-0.1275
11.03,Paris,France,48.8566,2.3522
10.93,Tianjin,China,39.1467,117.2056
10.82,Linyi,China,35.0606,118.3425
10.78,Shijiazhuang,China,38.0422,114.5086
10.14,Zhengzhou,China,34.7492,113.6605
10.01,Nanyang,China,32.9987,112.5292
9.84,Hyderābād,India,17.3617,78.4747
9.73,Wuhan,China,30.5872,114.2881
9.55,Handan,China,36.6116,114.4894
9.52,Nagoya,Japan,35.1167,136.9333
9.37,Weifang,China,36.7167,119.1
8.99,Lima,Peru,-12.06,-77.0375
8.95,Zhoukou,China,33.625,114.6418
8.88,Luanda,Angola,-8.8383,13.2344
8.68,Ganzhou,China,25.8292,114.9336
8.67,Tongshan,China,34.261,117.1859
8.64,Kuala Lumpur,Malaysia,3.1478,101.6953
8.6,Chicago,United States,41.8373,-87.6862
8.29,Heze,China,35.2333,115.4333
8.26,Chongqing,China,29.55,106.5069
8.25,Hanoi,Vietnam,21.0245,105.8412
8.2,Fuyang,China,32.8986,115.8045
8.15,Changsha,China,28.1987,112.9709
8.14,Dongguan,China,23.0475,113.7493
8.08,Jining,China,35.4,116.5667
7.97,Jinan,China,36.6667,116.9833
7.95,Pune,India,18.5196,73.8553
7.91,Foshan,China,23.0292,113.1056
7.74,Bogotá,Colombia,4.6126,-74.0705
7.73,Nanjing,China,32.05,118.7667
7.72,Ahmedabad,India,23.03,72.58
7.67,Changchun,China,43.9,125.2
7.58,Tangshan,China,39.6292,118.1742
7.54,Cangzhou,China,38.3037,116.8452
7.46,Hefei,China,31.8639,117.2808
7.46,Dar es Salaam,Tanzania,-6.8,39.2833
7.4,Hong Kong,Hong Kong,22.3069,114.1831
7.37,Shaoyang,China,27.2418,111.4725
7.33,Zhanjiang,China,21.1967,110.4031
7.33,Shangqiu,China,34.4259,115.6467
7.28,Nantong,China,31.9829,120.8873
7.26,Yancheng,China,33.3936,120.1339
7.25,Nanning,China,22.8192,108.315
7.24,Hengyang,China,26.8968,112.5857
7.23,Zhumadian,China,32.9773,114.0253
7.21,Shenyang,China,41.8039,123.4258
7.1,Xingtai,China,37.0659,114.4753
7.09,Xi’an,China,34.2667,108.9
7.03,Santiago,Chile,-33.45,-70.6667
6.97,Yantai,China,37.3997,121.2664
6.89,Riyadh,Saudi Arabia,24.65,46.71
6.89,Luoyang,China,34.6587,112.4245
6.85,Kunming,China,25.0433,102.7061
6.81,Shangrao,China,28.4419,117.9633
6.71,Hangzhou,China,30.25,120.1675
6.69,Bijie,China,27.3019,105.2863
6.48,Quanzhou,China,24.9139,118.5858
6.45,Miami,United States,25.7839,-80.2102
6.37,Wuxi,China,31.5667,120.2833
6.33,Huanggang,China,30.45,114.875
6.31,Maoming,China,21.6618,110.9178
6.28,Nanchong,China,30.7991,106.0784
6.27,Zunyi,China,27.705,106.9336
6.16,Qujing,China,25.5102,103.8029
6.11,Xinyang,China,32.1264,114.0672
6.11,Baghdad,Iraq,33.35,44.4167
6.09,Jieyang,China,23.5533,116.3649
6.02,Khartoum,Sudan,15.6031,32.5265
6.01,Madrid,Spain,40.4167,-3.7167
5.95,Allahābād,India,25.45,81.85
5.85,Yulin,China,22.6293,110.1507
5.83,Changde,China,29.0397,111.6839
5.79,Liaocheng,China,36.45,115.9833
5.78,Qingdao,China,36.1167,120.4
5.74,Dallas,United States,32.7936,-96.7662
5.71,Nangandao,China,35.2992,113.8851
5.68,Xiangyang,China,32.0654,112.1531
5.65,Philadelphia,United States,40.0077,-75.1339
5.61,Lu’an,China,31.7542,116.5078
5.6,Giza,Egypt,29.987,31.2118
5.59,Zhaotong,China,27.3328,103.7144
5.57,Yichun,China,27.8041,114.383
5.57,Dezhou,China,37.4513,116.3105
5.55,Nanchang,China,28.6842,115.8872
5.54,Nairobi,Kenya,-1.2864,36.8172
5.49,Tai’an,China,36.2001,117.0809
5.47,Dazhou,China,31.2152,107.4947
5.46,Houston,United States,29.7863,-95.3889
5.45,Yongzhou,China,26.4515,111.5953
5.45,Atlanta,United States,33.7627,-84.4224
5.44,Guadalajara,Mexico,20.6767,-103.3475
5.43,Rangoon,Myanmar,16.795,96.16
5.43,Toronto,Canada,43.7417,-79.3733
5.42,Suihua,China,46.6384,126.9808
5.38,Washington,United States,38.9047,-77.0163
5.38,Saint Petersburg,Russia,59.95,30.3167
5.37,Qiqihar,China,47.3398,123.9512
5.35,Suzhou,China,33.6333,116.9683
5.32,Shantou,China,23.3735,116.6941
5.29,Weinan,China,34.4996,109.4684
5.28,Changzhou,China,31.8122,119.9692
5.27,Singapore,Singapore,1.3,103.8
5.24,Fuzhou,China,26.0769,119.2917
5.19,Pudong,China,31.2231,121.5397
5.16,Belo Horizonte,Brazil,-19.9281,-43.9419
5.14,Zhangzhou,China,24.5093,117.6612
5.13,Yuncheng,China,35.0304,110.998
5.1,Xianyang,China,34.35,108.7167
5.1,Suzhou,China,31.304,120.6164
5.09,Guilin,China,25.2667,110.2833
5.03,Taizhou,China,32.4831,119.9
4.98,Abidjan,Côte d'Ivoire,5.3364,-4.0267
4.98,Huaihua,China,27.5494,109.9592
4.96,Ji’an,China,27.1172,114.9793
4.92,Xiaoganzhan,China,30.9273,113.911
4.9,Jiujiang,China,29.7048,116.0021
4.9,Pingdingshan,China,33.735,113.2999
4.88,Sūrat,India,21.17,72.83
4.88,Guiyang,China,26.5794,106.7078
4.87,Alexandria,Egypt,31.2,29.9167
4.85,Bozhou,China,33.8626,115.7742
4.84,Sydney,Australia,-33.865,151.2094
4.83,Huizhou,China,23.1115,114.4152
4.8,Huai’an,China,33.5,119.1331
4.74,Barcelona,Spain,41.3825,2.1769
4.74,Chenzhou,China,25.7989,113.0267
4.72,Anqing,China,30.5,117.0333
4.72,Suqian,China,33.9331,118.2831
4.69,Boston,United States,42.3188,-71.0846
4.63,Jiangmen,China,22.5833,113.0833
4.61,Mianyang,China,31.4669,104.7385
4.58,Harbin,China,45.75,126.6333
4.56,Huanglongsi,China,34.7936,114.3403
4.53,Zibo,China,36.7831,118.0497
4.53,Melbourne,Australia,-37.8136,144.9631
4.48,Dalian,China,38.9,121.6
4.47,Hengshui,China,37.7348,115.686
4.47,Yibin,China,28.7596,104.64
4.46,Yangzhou,China,32.3912,119.4363
4.44,Timbío,Colombia,2.3528,-76.6819
4.43,Johannesburg,South Africa,-26.2044,28.0416
4.41,Yiyang,China,28.5833,112.3333
4.41,Guigang,China,23.0961,109.6092
4.39,Xinpu,China,34.5906,119.1801
4.38,Meizhou,China,24.2998,116.1191
4.37,Casablanca,Morocco,33.5992,-7.62
4.36,Langfang,China,39.5196,116.7006
4.35,Zhangjiakou,China,40.8108,114.8811
4.34,Chifeng,China,42.2663,118.9223
4.32,Linfen,China,36.0812,111.5087
4.31,Jiangguanchi,China,34.0244,113.8201
4.27,Kabul,Afghanistan,34.5328,69.1658
4.22,Phoenix,United States,33.5722,-112.0891
4.22,Luzhou,China,28.8918,105.4409
4.2,Taiyuan,China,37.8733,112.5425
4.15,Zhaoqing,China,23.05,112.4667
4.14,Xiaoxita,China,30.7083,111.2803
4.11,Xiamen,China,24.4797,118.0819
4.05,Fuzhou,China,27.9814,116.3577
4.04,Liuzhou,China,24.3264,109.4281
4.02,Zhuzhou,China,27.8407,113.1469
4.01,Amman,Jordan,31.95,35.9333
3.98,Jeddah,Saudi Arabia,21.5428,39.1728
3.94,Chuzhou,China,32.3062,118.3115
3.93,Loudi,China,27.7378,111.9974
3.88,Deyang,China,31.1289,104.395
3.87,Qingyuan,China,23.6842,113.0507
3.85,Kano,Nigeria,12.0,8.5167
3.84,Wuhu,China,31.334,118.3622
3.79,Seattle,United States,47.6211,-122.3244
3.76,Yokohama,Japan,35.4333,139.6333
3.75,Binzhou,China,37.3806,118.0125
3.74,Baojishi,China,34.3609,107.1751
3.73,Zaozhuang,China,34.8667,117.55
3.7,Neijiang,China,29.5872,105.0635
3.67,Baicheng,China,23.901,106.6194
3.66,Berlin,Germany,52.5167,13.3833
3.65,Anshan,China,41.1066,122.9895
3.62,Lanzhou,China,36.0617,103.8318
3.6,Puyang,China,35.7639,115.03
3.59,San Francisco,United States,37.7562,-122.443
3.59,Jiaozuo,China,35.229,113.2304
3.55,Hechi,China,24.6928,108.085
3.52,Montréal,Canada,45.5089,-73.5617
3.51,Detroit,United States,42.3834,-83.1024
3.47,Chengde,China,40.9739,117.9322
3.45,Busan,South Korea,35.1,129.0403
3.42,Algiers,Algeria,36.7764,3.0586
3.42,Hanzhong,China,33.0794,107.026
3.4,Shiyan,China,32.6351,110.7755
3.39,Siping,China,43.1715,124.3644
3.38,Lucknow,India,26.847,80.947
3.35,Yulinshi,China,38.2655,109.7388
3.33,Changzhi,China,36.1953,113.097
3.3,Qinzhou,China,21.95,108.6167
3.28,Bazhou,China,31.8576,106.7559
3.26,Qincheng,China,34.5809,105.7311
3.26,Zhongshan,China,22.5333,113.35
3.25,Suining,China,30.5098,105.5737
3.24,Leshan,China,29.5854,103.7575
3.22,San Diego,United States,32.8312,-117.1225
3.21,Guang’an,China,30.4673,106.6336
3.2,Faisalabad,Pakistan,31.418,73.079
3.17,Tongren,China,27.7233,109.1885
3.16,Bengbu,China,32.9354,117.3531
3.15,Santa Cruz,Bolivia,-17.7892,-63.1975
3.15,Qinhuangdao,China,39.9398,119.5881
3.14,Tongliao,China,43.6172,122.264
3.13,Jinzhou,China,41.1144,121.1292
3.11,Zhenjiang,China,32.2109,119.4551
3.11,Ürümqi,China,43.8225,87.6125
3.09,Heyuan,China,23.7503,114.6923
3.07,Jaipur,India,26.9167,75.8667
3.07,Xinzhou,China,38.4178,112.7233
3.06,Wuzhou,China,23.4833,111.3167
3.04,Addis Ababa,Ethiopia,9.0272,38.7369
3.04,Chaoyang,China,41.5757,120.4486
3.02,Brasília,Brazil,-15.7939,-47.8828
3.0,Mashhad,Iran,36.3069,59.6042
3.0,Shaoguan,China,24.8011,113.5927
2.99,Kuwait City,Kuwait,29.375,47.98
2.99,Shanwei,China,22.7664,115.3331
2.98,Minneapolis,United States,44.9635,-93.2678
2.96,Sanaa,Yemen,15.35,44.2
2.96,Kyiv,Ukraine,50.45,30.5236
2.96,Quezon City,Philippines,14.6333,121.0333
2.95,Meishan,China,30.0575,103.8381
2.93,Guatemala City,Guatemala,14.6099,-90.5252
2.91,Incheon,South Korea,37.4639,126.6486
2.91,Ningde,China,26.6617,119.5228
2.91,Tampa,United States,27.9942,-82.4451
2.9,Daqing,China,46.5979,125.008
2.9,Putian,China,25.4394,119.0103
2.89,Salvador,Brazil,-12.9708,-38.5108
2.89,Surabaya,Indonesia,-7.2458,112.7378
2.88,Bandung,Indonesia,-6.95,107.5667
2.88,Denver,United States,39.7621,-104.8759
2.87,Rome,Italy,41.8931,12.4828
2.87,La Paz,Bolivia,-16.4942,-68.1475
2.87,Hohhot,China,40.8151,111.6629
2.86,Xiangtan,China,27.8431,112.9228
2.86,Pyongyang,North Korea,39.03,125.73
2.8,Mudanjiang,China,44.5861,129.5997
2.8,Rizhao,China,35.4164,119.4331
2.8,Weihai,China,37.5,122.1
2.8,Taichung,Taiwan,24.15,120.6667
2.77,Kaohsiung,Taiwan,22.6167,120.3
2.72,Guayaquil,Ecuador,-2.19,-79.8875
2.72,Tieling,China,42.2841,123.8365
2.7,Cawnpore,India,26.4725,80.3311
2.7,Dingxi,China,35.5806,104.6263
2.69,Nanping,China,26.6448,118.1728
2.68,Taipei,Taiwan,25.0478,121.5319
2.68,Zigong,China,29.3498,104.7645
2.66,Chaozhou,China,23.67,116.63
2.65,Baotou,China,40.6562,109.8345
2.64,Longyan,China,25.0881,117.0244
2.63,Ankang,China,32.6877,109.0235
2.63,Baoshan,China,25.1211,99.169
2.62,Huludao,China,40.7094,120.8378
2.61,Gulou,China,26.0819,119.2981
2.61,Antananarivo,Madagascar,-18.9386,47.5214
2.59,Yanjiang,China,30.1256,104.6397
2.58,Sanming,China,26.2658,117.6302
2.58,Chattogram,Bangladesh,22.335,91.8325
2.58,Santo Domingo,Dominican Republic,18.4764,-69.8933
2.57,Longba,China,33.535,105.349
2.56,Brooklyn,United States,40.6501,-73.9496
2.56,Yangjiang,China,21.8556,111.9627
2.55,Jiamusi,China,46.8081,130.3653
2.55,Ibadan,Nigeria,7.3964,3.9167
2.54,Luohe,China,33.583,114.0109
2.54,Lincang,China,23.8864,100.0871
2.53,Yunfu,China,22.9242,112.0353
2.53,Medellín,Colombia,6.2447,-75.5748
2.53,Xuanzhou,China,30.9475,118.7518
2.5,Dubai,United Arab Emirates,25.2697,55.3094
2.5,Mirzāpur,India,25.15,82.58
2.5,Tashkent,Uzbekistan,41.3,69.2667
2.48,Guangyuan,China,32.4353,105.8398
2.47,Cali,Colombia,3.44,-76.5197
2.47,Huangshi,China,30.2018,115.0326
2.46,Daegu,South Korea,35.8667,128.6
2.45,Douala,Cameroon,4.05,9.7
2.45,Ouagadougou,Burkina Faso,12.3686,-1.5275
2.45,Fortaleza,Brazil,-3.7275,-38.5275
2.44,Yaoundé,Cameroon,3.8578,11.5181
2.44,Dandong,China,40.1167,124.3833
2.43,Lianshan,China,40.7523,120.828
2.43,Yingkou,China,40.6653,122.2297
2.41,Nāgpur,India,21.1539,79.0831
2.4,Jilin,China,43.8519,126.5481
2.4,Omdurman,Sudan,15.6167,32.48
2.39,Yuxi,China,24.3495,102.5432
2.38,Ghāziābād,India,28.6667,77.4167
2.38,Bekasi,Indonesia,-6.2333,107.0
2.36,Brisbane,Australia,-27.4678,153.0281
2.35,Anshun,China,26.2456,105.934
2.34,Shangzhou,China,33.868,109.9244
2.33,Depok,Indonesia,-6.394,106.8225
2.33,Huainan,China,32.4831,117.0164
2.32,Kuaidamao,China,41.7302,125.9471
2.29,Accra,Ghana,5.6037,-0.187
2.28,Jincheng,China,35.4906,112.8483
2.28,Fukuoka,Japan,33.6,130.4167
2.26,Vancouver,Canada,49.25,-123.1
2.24,Tangerang,Indonesia,-6.1783,106.6319
2.23,Sanmenxia,China,34.7736,111.195
2.23,Laibin,China,23.7333,109.2333
2.23,Queens,United States,40.7498,-73.7976
2.21,Qinbaling,China,35.7278,107.64
2.21,Xining,China,36.6239,101.7787
2.2,Ma’anshan,China,31.6858,118.5101
2.19,Yan’an,China,36.5952,109.4863
2.18,Baku,Azerbaijan,40.3667,49.8352
2.17,Gaoping,China,30.7824,106.1281
2.15,Harare,Zimbabwe,-17.8292,31.0522
2.14,Havana,Cuba,23.1367,-82.3589
2.13,Phnom Penh,Cambodia,11.5696,104.921
2.13,Ningbo,China,29.875,121.5492
2.12,Mogadishu,Somalia,2.0408,45.3425
2.12,Puning,China,23.2993,116.1586
2.11,Riverside,United States,33.9381,-117.3948
2.11,Baltimore,United States,39.3051,-76.6144
2.11,Qingyang,China,24.8141,118.5792
2.11,Huaibei,China,33.9562,116.789
2.11,Medan,Indonesia,3.6667,98.6667
2.1,Haiphong,Vietnam,20.8,106.6667
2.1,Las Vegas,United States,36.2333,-115.2654
2.1,Chongzuo,China,22.4167,107.3667
2.1,Rawalpindi,Pakistan,33.6007,73.0679
2.07,Vadodara,India,22.3,73.2
2.07,Hezhou,China,24.4164,111.5478
2.07,Pingliang,China,35.5412,106.6819
2.07,Portland,United States,45.5372,-122.65
2.07,Kumasi,Ghana,6.6833,-1.6167
2.05,San Antonio,United States,29.4658,-98.5253
2.04,Perth,Australia,-31.9522,115.8589
2.04,Vishākhapatnam,India,17.7333,83.3167
2.04,Shengli,China,37.45,118.4667
2.03,Gujranwala,Pakistan,32.15,74.1833
2.03,Baicheng,China,45.6148,122.832
2.02,Fushun,China,41.8708,123.8917
2.02,St. Louis,United States,38.6358,-90.2451
2.01,Minsk,Belarus,53.9022,27.5618
2.01,Bamako,Mali,12.6458,-7.9922
2.01,Quito,Ecuador,-0.22,-78.5125
1.99,Indore,India,22.7206,75.8472
1.99,Yinchuan,China,38.4795,106.2254
1.97,Kananga,Congo (Kinshasa),-5.8961,22.4167
1.97,Peshawar,Pakistan,34.0,71.5
1.96,Sapporo,Japan,43.0621,141.3544
1.96,Eşfahān,Iran,32.6447,51.6675
1.94,Caracas,Venezuela,10.5,-66.9333
1.93,Pingxiang,China,27.6333,113.85
1.92,Aleppo,Syria,36.2,37.15
1.92,Tijuana,Mexico,32.525,-117.0333
1.92,Almaty,Kazakhstan,43.25,76.9
1.91,Vienna,Austria,48.2083,16.3725
1.9,Blantyre,Malawi,-15.7861,35.0058
1.9,Sacramento,United States,38.5667,-121.4683
1.89,Zhuhai,China,22.2769,113.5678
1.89,Thāne,India,19.18,72.9633
1.88,Curitiba,Brazil,-25.4297,-49.2719
1.88,Tainan,Taiwan,22.9833,120.1833
1.88,Bucharest,Romania,44.4,26.0833
1.87,Multan,Pakistan,30.1978,71.4711
1.87,Xiping,China,40.082,113.2981
1.86,Ecatepec,Mexico,19.6097,-99.06
1.86,Jixi,China,45.2937,130.965
1.86,Saidu Sharif,Pakistan,34.75,72.3572
1.86,Liaoyang,China,41.2643,123.1772
1.85,Hamburg,Germany,53.55,10.0
1.83,Meru,Kenya,0.05,37.65
1.83,Brazzaville,Congo (Brazzaville),-4.2667,15.2833
1.82,Orlando,United States,28.4772,-81.3369
1.82,Fuxin,China,42.0127,121.6486
1.82,Wuwei,China,37.9278,102.6329
1.8,Manaus,Brazil,-3.1,-60.0167
1.8,Bhopāl,India,23.25,77.4167
1.8,San Jose,United States,37.3019,-121.8486
1.79,Lubumbashi,Congo (Kinshasa),-11.6697,27.4581
1.79,Warsaw,Poland,52.23,21.0111
1.78,Haikou,China,20.02,110.32
1.78,Davao,Philippines,7.0667,125.6
1.77,Shuyangzha,China,34.1299,118.7734
1.75,Damascus,Syria,33.5131,36.2919
1.74,Brussels,Belgium,50.8353,4.3314
1.74,Lusaka,Zambia,-15.4167,28.2833
1.73,Hyderabad City,Pakistan,25.3792,68.3683
1.72,Budapest,Hungary,47.4983,19.0408
1.71,Shuozhou,China,39.3408,112.4292
1.71,Cleveland,United States,41.4767,-81.6804
1.71,Benxi,China,41.292,123.761
1.71,Baiyin,China,36.5448,104.1766
1.7,Pittsburgh,United States,40.4396,-79.9762
1.69,Mosul,Iraq,36.3667,43.1167
1.69,Austin,United States,30.3004,-97.7522
1.68,Beihai,China,21.4667,109.1
1.68,Sanzhou,China,30.82,108.4
1.68,Mecca,Saudi Arabia,21.4225,39.8261
1.68,Patna,India,25.61,85.1414
1.67,Heihe,China,50.2458,127.4886
1.67,Jingdezhen,China,29.2942,117.2036
1.67,Conakry,Guinea,9.538,-13.6773
1.66,Caloocan City,Philippines,14.65,120.9667
1.66,Kampala,Uganda,0.3136,32.5811
1.66,Cincinnati,United States,39.1413,-84.5061
1.65,Recife,Brazil,-8.0539,-34.8808
1.65,Yushan,China,31.3867,120.9766
1.64,Kansas City,United States,39.1239,-94.5541
1.63,Bilāspur,India,22.15,82.0167
1.63,Zhongli,Taiwan,24.965,121.2168
1.63,Manhattan,United States,40.7834,-73.9662
1.62,Semarang,Indonesia,-6.9667,110.4167
1.62,Ludhiāna,India,30.9083,75.8486
1.6,Novosibirsk,Russia,55.0333,82.9167
1.6,Chengtangcun,China,35.0833,117.15
1.59,Indianapolis,United States,39.7771,-86.1458
1.59,Wenzhou,China,27.9991,120.6561
1.59,Karaj,Iran,35.8327,50.9915
1.59,Āgra,India,27.1724,78.0131
1.58,León de los Aldama,Mexico,21.1167,-101.6833
1.58,Puebla,Mexico,19.0333,-98.1833
1.58,Kalyān,India,19.2502,73.1602
1.57,Hebi,China,35.7497,114.2887
1.57,Shīrāz,Iran,29.61,52.5425
1.56,Jamshedpur,India,22.8,86.1833
1.56,Tabrīz,Iran,38.0833,46.2833
1.56,Columbus,United States,39.9862,-82.985
1.56,Mbuji-Mayi,Congo (Kinshasa),-6.1209,23.5967
1.56,Madurai,India,9.9197,78.1194
1.55,Maracaibo,Venezuela,10.6333,-71.6333
1.54,Kawasaki,Japan,35.5167,139.7
1.54,Palembang,Indonesia,-2.9833,104.7644
1.54,Zhangjiajie,China,29.1255,110.4844
1.53,Aba,Nigeria,5.1167,7.3667
1.51,Yucheng,China,29.9888,103.0007
1.51,Lianjiang,China,21.6146,110.2794
1.51,Ximeicun,China,24.9633,118.3811
1.51,Jianguang,China,28.1958,115.7833
1.51,Changshu,China,31.65,120.7333
1.51,Kōbe,Japan,34.6913,135.183
1.51,Charlotte,United States,35.208,-80.8304
1.5,Belém,Brazil,-1.4558,-48.5039
1.5,Guiping,China,23.4,110.0833
1.49,Leizhou,China,20.9147,110.0806
1.49,Gwangju,South Korea,35.1667,126.9167
1.49,Munich,Germany,48.1375,11.575
1.49,Nāsik,India,20.0,73.7833
1.48,Porto Alegre,Brazil,-30.0328,-51.23
1.48,Valencia,Venezuela,10.1667,-68.0
1.48,Onitsha,Nigeria,6.1667,6.7833
1.48,Abu Dhabi,United Arab Emirates,24.4511,54.3969
1.48,Virginia Beach,United States,36.7335,-76.0435
1.48,Daejeon,South Korea,36.351,127.385
1.48,Zapopan,Mexico,20.7167,-103.4
1.47,Yekaterinburg,Russia,56.8356,60.6128
1.47,Huazhou,China,32.6832,112.079
1.46,Shuangyashan,China,46.6388,131.1545
1.46,Pizhou,China,34.3422,118.0097
1.46,Kyōto,Japan,35.0117,135.7683
1.45,Kharkiv,Ukraine,50.0,36.2292
1.45,El Kelaa des Srarhna,Morocco,32.05,-7.4
1.43,Yangshe,China,31.8775,120.5512
1.43,Guyuan,China,36.008,106.2782
1.42,Bronx,United States,40.8501,-73.8662
1.42,Muscat,Oman,23.6139,58.5922
1.41,Gaozhou,China,21.9135,110.8481
1.4,Khulna,Bangladesh,22.8167,89.55
1.4,Chizhou,China,30.6583,117.4849
1.4,Ulaanbaatar,Mongolia,47.9214,106.9055
1.39,Farīdābād,India,28.4353,77.3147
1.39,Goiânia,Brazil,-16.6806,-49.2564
1.39,Fuqing,China,25.7232,119.3735
1.38,Belgrade,Serbia,44.8167,20.4667
1.38,Pingdu,China,36.7833,119.9556
1.37,Milwaukee,United States,43.0642,-87.9673
1.37,Yutan,China,28.3147,112.554
1.37,Milan,Italy,45.4669,9.19
1.37,Aurangābād,India,19.88,75.32
1.36,Huangshan,China,29.7132,118.3151
1.35,Auckland,New Zealand,-36.85,174.7833
1.34,Makassar,Indonesia,-5.1331,119.4136
1.34,Santiago,Dominican Republic,19.45,-70.7
1.34,Prague,Czechia,50.0833,14.4167
1.34,Rājkot,India,22.2969,70.7984
1.34,Liangshi,China,27.2578,111.7351
1.33,Al Başrah,Iraq,30.515,47.81
1.33,Córdoba,Argentina,-31.4167,-64.1833
1.32,Guarulhos,Brazil,-23.4667,-46.5333
1.32,Saitama,Japan,35.8617,139.6453
1.32,Juárez,Mexico,31.7386,-106.487
1.32,Montevideo,Uruguay,-34.8667,-56.1667
1.32,Xintai,China,35.91,117.78
1.31,Wusong,China,30.9333,117.7667
1.31,Meerut,India,28.99,77.7
1.3,Dayan,China,26.8808,100.2208
1.3,Rongcheng,China,26.2312,104.0966
1.3,Adelaide,Australia,-34.9275,138.6
1.3,Baishan,China,41.9377,126.4179
1.3,Yushu,China,44.8249,126.5451
1.3,Yangquan,China,37.8576,113.5762
1.3,Huazhou,China,21.654,110.6294
1.29,Haicheng,China,40.8523,122.7474
1.29,Jiangyin,China,31.9087,120.2653
1.28,Wuzhong,China,37.9874,106.1919
1.28,Cacuaco,Angola,-8.7833,13.3667
1.28,Sofia,Bulgaria,42.6979,23.3217
1.27,Barranquilla,Colombia,10.9639,-74.7964
1.27,Soweto,South Africa,-26.2678,27.8586
1.27,Jabalpur,India,23.1667,79.9333
1.27,Rucheng,China,32.3852,120.5634
1.26,Huaiyin,China,33.5819,119.028
1.26,Nizhniy Novgorod,Russia,56.3269,44.0075
1.25,Laiwu,China,36.1833,117.6667
1.25,Sharjah,United Arab Emirates,25.3575,55.3919
1.25,Jingling,China,30.6667,113.1667
1.25,Comayagüela,Honduras,14.0833,-87.2167
1.25,Shaoyang,China,32.9387,119.8404
1.25,Dhanbād,India,23.7928,86.435
1.24,Calgary,Canada,51.05,-114.0667
1.24,Cần Thơ,Vietnam,10.0333,105.7833
1.24,Abuja,Nigeria,9.0556,7.4914
1.24,Yongcheng,China,33.9317,116.4459
1.24,Kazan,Russia,55.7908,49.1144
1.23,Suwon,South Korea,37.2858,127.01
1.23,Mandalay,Myanmar,21.9831,96.0844
1.23,Beidao,China,34.602,105.918
1.22,Xiangshui,China,26.5964,104.8314
1.21,Dadukou,China,26.5849,101.7149
1.21,Vila Velha,Brazil,3.2167,-51.2167
1.2,Qom,Iran,34.64,50.8764
1.2,Hiroshima,Japan,34.4,132.45
1.2,Zhangye,China,38.9355,100.4553
1.2,Maiduguri,Nigeria,11.8333,13.15
1.2,Vārānasi,India,25.3189,83.0128
1.2,Providence,United States,41.823,-71.4187
1.2,Mombasa,Kenya,-4.05,39.6667
1.2,Chelyabinsk,Russia,55.15,61.4
1.19,Maputo,Mozambique,-25.9153,32.5764
1.19,Doha,Qatar,25.3,51.5333
1.19,Rosario,Argentina,-32.9575,-60.6394
1.19,Xinyu,China,27.795,114.9242
1.18,Yingtan,China,28.2333,117.0
1.18,Liaoyuan,China,42.8976,125.1381
1.18,Omsk,Russia,54.9667,73.3833
1.18,Srīnagar,India,34.0911,74.8061
1.18,Medina,Saudi Arabia,24.4667,39.6
1.18,Jacksonville,United States,30.3322,-81.6749
1.18,Ahvāz,Iran,31.3203,48.6692
1.17,Cilacap,Indonesia,-7.7167,109.017
1.17,Pikine,Senegal,14.75,-17.4
1.17,Bandar Lampung,Indonesia,-5.4294,105.2625
1.17,Samara,Russia,53.1833,50.1167
1.17,Guankou,China,28.2363,113.6984
1.17,Ulsan,South Korea,35.55,129.3167
1.17,Dingzhou,China,38.5158,114.9845
1.16,Kaiyuan,China,36.0656,113.8153
1.16,Kigali,Rwanda,-1.9536,30.0606
1.16,Nay Pyi Taw,Myanmar,19.7475,96.115
1.16,Campinas,Brazil,-22.9009,-47.0573
1.16,Rongcheng,China,29.8239,112.9019
1.16,Lianyuan,China,27.6961,111.6659
1.15,Yichun,China,47.7235,128.8893
1.15,Benin City,Nigeria,6.3176,5.6145
1.15,Dakar,Senegal,14.7319,-17.4572
1.15,Leiyang,China,26.4179,112.8457
1.14,Birmingham,United Kingdom,52.48,-1.9025
1.14,Xiantao,China,30.3833,113.4
1.14,Monterrey,Mexico,25.6667,-100.3
1.13,Amritsar,India,31.6269,74.877
1.13,Alīgarh,India,27.88,78.08
1.13,Yingchuan,China,34.1511,113.4733
1.13,Tripoli,Libya,32.8752,13.1875
1.13,Nampo,North Korea,38.7689,125.4505
1.13,Rostov,Russia,47.2333,39.7167
1.13,Tegucigalpa,Honduras,14.0942,-87.2067
1.13,Callao,Peru,-12.0611,-77.1333
1.12,Guwāhāti,India,26.1722,91.7458
1.12,Ufa,Russia,54.7261,55.9475
1.12,Tbilisi,Georgia,41.7225,44.7925
1.11,Ciudad Nezahualcóyotl,Mexico,19.41,-99.03
1.11,Fès,Morocco,34.0433,-5.0033
1.1,Salt Lake City,United States,40.7777,-111.9306
1.1,Xibeijie,China,39.737,98.5049
1.1,Bhilai,India,21.2186,81.4314
1.1,Tamale,Ghana,9.4075,-0.8533
1.1,Ikare,Nigeria,7.5304,5.76
1.1,Biên Hòa,Vietnam,10.9508,106.8221
1.09,N’Djamena,Chad,12.11,15.05
1.09,Hanchuan,China,30.652,113.8274
1.09,Gongzhuling,China,43.5036,124.8088
1.08,São Gonçalo,Brazil,-22.8269,-43.0539
1.08,Richmond,United States,37.5295,-77.4756
1.08,Nouakchott,Mauritania,18.0858,-15.9785
1.08,Nur-Sultan,Kazakhstan,51.1333,71.4333
1.08,Yerevan,Armenia,40.1814,44.5144
1.08,Nashville,United States,36.1715,-86.7843
1.08,Nezahualcóyotl,Mexico,19.4,-98.9889
1.08,Zhufeng,China,36.0,119.4167
1.08,Cologne,Germany,50.9422,6.9578
1.08,Krasnoyarsk,Russia,56.0089,92.8719
1.08,Yicheng,China,31.3697,119.8239
1.08,Hāora,India,22.5736,88.3251
1.08,Copenhagen,Denmark,55.6805,12.5615
1.07,Taixing,China,32.1724,120.0142
1.07,Memphis,United States,35.1046,-89.9773
1.07,Gwalior,India,26.215,78.1931
1.07,San Pedro Sula,Honduras,15.5,-88.0333
1.07,Rānchi,India,23.3556,85.3347
1.07,São Luís,Brazil,-2.53,-44.3028
1.07,Vereeniging,South Africa,-26.6736,27.9319
1.06,Tunis,Tunisia,36.8008,10.18
1.06,Hegang,China,47.3139,130.2775
1.06,Sendai,Japan,38.2683,140.8694
1.06,Barquisimeto,Venezuela,10.0678,-69.3467
1.06,Ezhou,China,30.3972,114.8842
1.06,Xishan,China,27.6609,113.4946
1.06,Edmonton,Canada,53.5344,-113.4903
1.06,Goyang,South Korea,37.6564,126.835
1.06,Mizhou,China,35.99,119.3801
1.05,Changwon,South Korea,35.2281,128.6811
1.05,Bishkek,Kyrgyzstan,42.8667,74.5667
1.05,Bezwāda,India,16.5167,80.6167
1.05,Mexicali,Mexico,32.6633,-115.4678
1.05,Voronezh,Russia,51.6717,39.2106
1.05,Perm,Russia,58.0139,56.2489
1.05,Zhongwei,China,37.5139,105.1884
1.04,Shouguang,China,36.8833,118.7333
1.04,Raleigh,United States,35.8325,-78.6435
1.04,Cartagena,Colombia,10.4236,-75.5253
1.03,Bagam,Indonesia,1.0678,104.0167
1.03,Managua,Nicaragua,12.15,-86.2667
1.03,Niamey,Niger,13.5086,2.1111
1.03,Shubrā al Khaymah,Egypt,30.1286,31.2422
1.03,Maceió,Brazil,-9.6658,-35.735
1.03,Taizhou,China,28.6583,121.4221
1.03,Bogor,Indonesia,-6.5917,106.8
1.03,Shymkent,Kazakhstan,42.3,69.6
1.03,Jodhpur,India,26.2944,73.0278
1.03,Matola,Mozambique,-25.9667,32.4667
1.03,Chandīgarh,India,30.7353,76.7911
1.03,Ogbomoso,Nigeria,8.1333,4.25
1.02,Monrovia,Liberia,6.3106,-10.8047
1.02,Wafangdian,China,39.6271,121.9972
1.02,Zhongxiang,China,31.169,112.5853
1.02,Odesa,Ukraine,46.4775,30.7326
1.02,New Orleans,United States,30.0687,-89.9288
1.02,Volgograd,Russia,48.7086,44.5147
1.01,Xinyi,China,22.3559,110.9369
1.01,Louisville,United States,38.1663,-85.6485
1.01,Port Harcourt,Nigeria,4.75,7.0
1.01,Arequipa,Peru,-16.3988,-71.5369
1.01,Raipur,India,21.2379,81.6337
1.01,Villahermosa,Mexico,17.9892,-92.9281
1.01,Islamabad,Pakistan,33.6989,73.0369
1.01,Mysore,India,12.3086,76.6531
1.01,Thủ Đức,Vietnam,10.7924,106.7518
1.0,Bareilly,India,28.364,79.415
1.0,Xingyi,China,25.091,104.9011
1.0,Quetta,Pakistan,30.192,67.007
1.0,Kota,India,25.18,75.83
1.0,Quảng Hà,Vietnam,16.06,108.25
1.0,Shuizhai,China,33.4433,114.8994
1.0,Zaoyang,China,32.1287,112.7581
0.99,Ottawa,Canada,45.4247,-75.695
0.99,Port-au-Prince,Haiti,18.5425,-72.3386
0.99,Xingcheng,China,24.1681,115.6669
0.99,Dongtai,China,32.8534,120.3037
0.99,Yingcheng,China,24.1878,113.4042
0.98,Luocheng,China,22.7645,111.5745
0.98,Kathmandu,Nepal,27.7167,85.3667
0.98,Kirkuk,Iraq,35.4667,44.4
0.98,Zamboanga City,Philippines,6.9167,122.0833
0.98,Nada,China,19.5,109.5833
0.98,Danyang,China,31.9948,119.575
0.98,Dnipro,Ukraine,48.4675,35.04
0.98,Natal,Brazil,-6.9838,-60.2699
0.98,Pekanbaru,Indonesia,0.5333,101.45
0.98,Stockholm,Sweden,59.3294,18.0686
0.98,Chiba,Japan,35.6073,140.1064
0.97,Naples,Italy,40.8333,14.25
0.97,Huilong,China,31.8131,121.6574
0.97,Wuchuan,China,21.4283,110.7749
0.97,Oklahoma City,United States,35.4676,-97.5136
0.96,Al Manşūrah,Egypt,31.05,31.3833
0.96,Morelia,Mexico,19.7683,-101.1894
0.96,Asmara,Eritrea,15.3333,38.9167
0.96,Cebu City,Philippines,10.293,123.902
0.96,Shaoxing,China,30.0,120.5833
0.96,Coimbatore,India,11.0,76.9667
0.95,Kermānshāh,Iran,34.3167,47.0686
0.95,Feicheng,China,36.186,116.772
0.95,Fangchenggang,China,21.6,108.3
0.95,Anqiu,China,36.3619,119.1072
0.95,Tangier,Morocco,35.7767,-5.8039
0.95,Solāpur,India,17.6715,75.9104
0.95,Sŏngnam,South Korea,37.4386,127.1378
0.95,Taishan,China,22.2486,112.785
0.95,Santo Domingo Este,Dominican Republic,18.4855,-69.8734
0.95,Freetown,Sierra Leone,8.4833,-13.2331
0.95,Vientiane,Laos,17.9667,102.6
0.94,Setagaya,Japan,35.6464,139.6533
0.94,Kitakyūshū,Japan,33.8833,130.8833
0.94,Meishan,China,34.1736,112.839
0.94,Khartoum North,Sudan,15.6333,32.6333
0.94,Kisangani,Congo (Kinshasa),0.5153,25.1911
0.93,Aguascalientes,Mexico,21.876,-102.296
0.93,Marrakech,Morocco,31.6295,-7.9811
0.93,Donetsk,Ukraine,48.0089,37.8042
0.92,Trichinopoly,India,10.8269,78.6928
0.92,Taihecun,China,45.768,131.0063
0.92,Xin’an,China,34.3662,118.3369
0.92,Bridgeport,United States,41.1918,-73.1953
0.92,Taihe,China,30.8706,105.3784
0.92,Trujillo,Peru,-8.1119,-79.0289
0.92,Jerusalem,Israel,31.7833,35.2167
0.91,Buffalo,United States,42.9016,-78.8487
0.91,Naucalpan de Juárez,Mexico,19.4753,-99.2378
0.91,Owerri,Nigeria,5.4833,7.0333
0.91,Padang,Indonesia,-0.9556,100.3606
0.91,Qingzhou,China,36.6967,118.4797
0.91,Hartford,United States,41.7661,-72.6834
0.91,Zhuanghe,China,39.6896,122.9664
0.91,Campo Grande,Brazil,-20.4686,-54.6222
0.91,Hengzhou,China,22.6896,109.2674
0.91,Fort Worth,United States,32.7811,-97.3473
0.91,Daye,China,30.1003,114.9699
0.91,Lichuan,China,30.2965,108.9378
0.9,Bobo-Dioulasso,Burkina Faso,11.1833,-4.2833
0.9,Ad Dammām,Saudi Arabia,26.4333,50.1
0.9,Jiaozhou,China,36.2481,119.9625
0.9,Lhasa,China,29.6458,91.1408
0.89,Taguig City,Philippines,14.5167,121.05
0.89,Antipolo,Philippines,14.5842,121.1763
0.89,Mérida,Mexico,20.97,-89.62
0.89,Abeokuta,Nigeria,7.15,3.35
0.89,Hubli,India,15.3619,75.1231
0.89,Tucson,United States,32.1545,-110.8782
0.89,Dengtalu,China,36.0819,114.3481
0.89,Bangui,Central African Republic,4.3732,18.5628
0.89,Yangchun,China,22.1717,111.7846
0.89,Cancún,Mexico,21.1606,-86.8475
0.88,Krasnodar,Russia,45.0333,38.9833
0.88,Natal,Brazil,-5.795,-35.2089
0.88,Chihuahua,Mexico,28.6353,-106.0889
0.88,Klang,Malaysia,3.0333,101.45
0.88,Panama City,Panama,9.0,-79.5
0.87,Malang,Indonesia,-7.98,112.62
0.87,Hai’an,China,32.532,120.4604
0.87,Ipoh,Malaysia,4.6,101.07
0.87,Gaomi,China,36.3833,119.75
0.87,Marseille,France,43.2964,5.37
0.87,Kaifeng Chengguanzhen,China,34.8519,114.3481
0.87,Jalandhar,India,31.3256,75.5792
0.87,Bucheon,South Korea,37.4989,126.7831
0.87,Turin,Italy,45.0667,7.7
0.87,Laiyang,China,36.9758,120.7136
0.87,Ar Ramādī,Iraq,33.4258,43.2992
0.86,Ikeja,Nigeria,6.6186,3.3426
0.86,Amsterdam,Netherlands,52.3667,4.8833
0.86,Hermosillo,Mexico,29.0989,-110.9542
0.86,Saltillo,Mexico,25.4333,-101.0
0.86,Weichanglu,China,37.1792,119.9333
0.85,Shache,China,38.4261,77.25
0.85,Omaha,United States,41.2627,-96.0522
0.85,Sale,Morocco,34.05,-6.8167
0.85,Oran,Algeria,35.6969,-0.6331
0.85,Erbil,Iraq,36.1911,44.0094
0.85,Leping,China,28.9632,117.1203
0.85,Saratov,Russia,51.5333,46.0
0.85,Teresina,Brazil,-5.0949,-42.8042
0.85,Ilorin,Nigeria,8.5,4.55
0.85,Macheng,China,31.1817,115.0189
0.85,Hailun,China,47.4585,126.9632
0.85,Akure,Nigeria,7.25,5.195
0.84,Yuci,China,37.6823,112.7281
0.84,Iguaçu,Brazil,-22.74,-43.47
0.84,El Paso,United States,31.8479,-106.4309
0.84,Dehui,China,44.5323,125.6965
0.84,Bhubaneshwar,India,20.2644,85.8281
0.84,Lomé,Togo,6.1319,1.2228
0.83,Tongchuan,China,34.9057,108.9422
0.83,Warri,Nigeria,5.5167,5.75
0.83,Rongjiawan,China,29.1409,113.1087
0.83,Denpasar,Indonesia,-8.6667,115.2167
0.83,Pointe-Noire,Congo (Brazzaville),-4.7889,11.8653
0.83,Cheongju,South Korea,36.6372,127.4897
0.82,Honolulu,United States,21.3294,-157.846
0.82,Renqiu,China,38.7094,116.1008
0.82,Butterworth,Malaysia,5.3992,100.3639
0.82,Sakai,Japan,34.5667,135.4833
0.82,Xindi,China,29.8182,113.4653
0.82,Wu’an,China,36.6941,114.1847
0.82,São Bernardo do Campo,Brazil,-23.6939,-46.565
0.81,Culiacán,Mexico,24.8069,-107.3939
0.81,Hejian,China,38.4451,116.0897
0.81,Puxi,China,35.2125,114.735
0.81,Zijinglu,China,34.7513,112.9854
0.81,Yiyang,China,26.4103,112.3913
0.81,Gaoyou,China,32.7847,119.4432
0.8,Pasig City,Philippines,14.575,121.0833
0.8,João Pessoa,Brazil,-7.12,-34.88
0.8,Qingping,China,34.538,113.3796
0.8,Abaeté,Brazil,-19.1583,-45.4522
0.8,Querétaro,Mexico,20.5875,-100.3928
0.8,McAllen,United States,26.2273,-98.2471
0.8,Palermo,Colombia,2.8883,-75.4339
0.8,Libreville,Gabon,0.3901,9.4544
0.79,Zagreb,Croatia,45.8131,15.9772
0.79,Valencia,Spain,39.47,-0.3764
0.79,Niigata,Japan,37.9161,139.0364
0.79,Leeds,United Kingdom,53.7997,-1.5492
0.79,Morādābād,India,28.8437,78.7548
0.79,Hamamatsu,Japan,34.7167,137.7333
0.79,Xiangxiang,China,27.7389,112.5223
0.78,Lilongwe,Malawi,-13.9833,33.7833
0.78,Dushanbe,Tajikistan,38.5731,68.7864
0.78,Chaohucun,China,31.6783,117.7353
0.78,Homs,Syria,34.7333,36.7167
0.78,Lubango,Angola,-14.9167,13.5
0.77,Kraków,Poland,50.0614,19.9372
0.77,Dali,China,25.7003,100.1564
0.77,Hamhŭng,North Korea,39.9167,127.5333
0.77,San Luis Potosí,Mexico,22.1511,-100.9761
0.77,Cencheng,China,22.9297,111.0186
0.77,Fuyang,China,30.0553,119.95
0.77,Al ‘Ayn,United Arab Emirates,24.2075,55.7447
0.77,Hempstead,United States,40.6629,-73.6089
0.77,Songzi,China,30.1772,111.7732
0.76,Laixi,China,36.8667,120.5333
0.76,Bahawalpur,Pakistan,29.3956,71.6722
0.76,Frankfurt,Germany,50.1136,8.6797
0.76,Zhongba,China,31.7761,104.7406
0.76,Kaduna,Nigeria,10.5105,7.4165
0.76,Qingnian,China,36.8494,115.7061
0.76,Albuquerque,United States,35.1053,-106.6464
0.76,Xinhualu,China,34.3962,113.7249
0.76,Cotonou,Benin,6.402,2.518
0.76,Guangshui,China,31.6189,113.8229
0.75,Kolhāpur,India,16.7,74.2333
0.75,Licheng,China,31.4174,119.4786
0.75,Cúcuta,Colombia,7.9075,-72.5047
0.75,Ciudad Guayana,Venezuela,8.3596,-62.6517
0.75,Sizhan,China,39.0099,106.3694
0.75,Colombo,Sri Lanka,6.9167,79.8333
0.75,Changhua,Taiwan,24.0667,120.5333
0.75,Samarinda,Indonesia,-0.5022,117.1536
0.75,Pietermaritzburg,South Africa,-29.6009,30.3796
0.74,Pretoria,South Africa,-25.7464,28.1881
0.74,Nerima,Japan,35.75,139.6167
0.74,Orūmīyeh,Iran,37.5486,45.0675
0.74,Zunhua,China,40.1881,117.9593
0.74,Birmingham,United States,33.5277,-86.7987
0.74,Nehe,China,48.48,124.8738
0.74,Kumamoto,Japan,32.8031,130.7078
0.74,Chengguan,China,35.5256,113.6976
0.74,Nampula,Mozambique,-15.1167,39.2667
0.74,Tyumen,Russia,57.15,65.5333
0.74,Thiruvananthapuram,India,8.5,76.8997
0.74,Zaporizhzhia,Ukraine,47.8378,35.1383
0.74,Ōta-ku,Japan,35.5614,139.7161
0.73,Langzhong,China,31.5504,105.9938
0.73,Tlajomulco de Zúñiga,Mexico,20.4736,-103.4431
0.73,Qian’an,China,40.0059,118.6973
0.73,Zouping,China,36.8625,117.7424
0.73,Cagayan de Oro,Philippines,8.4833,124.65
0.73,Shuangqiao,China,35.0833,112.5833
0.73,Osogbo,Nigeria,7.7597,4.5761
0.73,Wugang,China,26.7345,110.6293
0.73,Comodoro Rivadavia,Argentina,-45.8667,-67.5
0.72,Lviv,Ukraine,49.8419,24.0315
0.72,An Najaf,Iraq,32.029,44.3396
0.72,Sagamihara,Japan,35.5667,139.3667
0.72,Sarasota,United States,27.3386,-82.5431
0.72,Mississauga,Canada,43.6,-79.65
0.72,Okayama,Japan,34.65,133.9167
0.72,Anlu,China,31.2575,113.6783
0.72,Dayton,United States,39.7797,-84.1998
0.72,Changsha,China,22.3762,112.6877
0.72,Shihezi,China,44.3,86.0333
0.72,Enugu,Nigeria,6.4403,7.4942
0.72,Torreón,Mexico,25.5394,-103.4486
0.71,George Town,Malaysia,5.4145,100.3292
0.71,Sahāranpur,India,29.964,77.546
0.71,Valenzuela,Philippines,14.7,120.9833
0.71,Winnipeg,Canada,49.8844,-97.1464
0.71,Yanggok,South Korea,37.6367,127.2142
0.71,Yatou,China,37.1653,122.4867
0.71,Santo André,Brazil,-23.6572,-46.5333
0.71,Xichang,China,27.8983,102.2706
0.71,Bhiwandi,India,19.3,73.0667
0.71,Quebec City,Canada,46.8139,-71.2081
0.71,Chengxiang,China,31.4515,121.1043
0.7,Rochester,United States,43.168,-77.6162
0.7,General Santos,Philippines,6.1167,125.1667
0.7,Fresno,United States,36.7831,-119.7941
0.7,Dashiqiao,China,40.6328,122.5021
0.7,Ḩamāh,Syria,35.1333,36.75
0.7,Qianxi,China,27.0284,106.0327
0.7,Latakia,Syria,35.5236,35.7917
0.7,Warangal,India,17.9756,79.6011
0.7,Dasmariñas,Philippines,14.3294,120.9367
0.7,Jaboatão,Brazil,-8.1803,-35.0014
0.7,Soledad,Colombia,10.92,-74.77
0.69,Leling,China,37.7333,117.2167
0.69,São José dos Campos,Brazil,-23.1789,-45.8869
0.69,Bauchi,Nigeria,10.3158,9.8442
0.69,Jianshe,China,34.2189,113.7693
0.69,Karbalā’,Iraq,32.6167,44.0333
0.69,Mālegaon,India,20.55,74.55
0.69,Shizuoka,Japan,34.9756,138.3825
0.69,Gaizhou,China,40.4019,122.3499
0.69,Miluo Chengguanzhen,China,28.8049,113.0745
0.69,Łódź,Poland,51.7769,19.4547
0.69,Hamilton,Canada,43.2567,-79.8692
0.69,Shishi,China,24.7355,118.6434
0.69,Tolyatti,Russia,53.5167,49.4167
0.69,Guadalupe,Mexico,25.6775,-100.2597
0.69,Salem,India,11.65,78.1667
0.69,Banjarmasin,Indonesia,-3.319,114.5921
0.69,Osasco,Brazil,-23.5328,-46.7919
0.69,Edogawa,Japan,35.6924,139.8757
0.69,Oslo,Norway,59.9111,10.7528
0.69,City of Parañaque,Philippines,14.4667,121.0167
0.68,Rasht,Iran,37.2833,49.6
0.68,Zaragoza,Spain,41.65,-0.8833
0.68,As Sulaymānīyah,Iraq,35.55,45.4333
0.68,Xigazê,China,29.2649,88.8799
0.68,Zhongshu,China,27.8116,106.4133
0.68,Xinmin,China,41.9952,122.8224
0.68,Jingcheng,China,32.0058,120.2547
0.68,Tasikmalaya,Indonesia,-7.3333,108.2
0.68,Allentown,United States,40.5961,-75.4756
0.68,Kochi,India,9.9667,76.2833
0.68,Adachi,Japan,35.7833,139.8
0.68,Sevilla,Spain,37.39,-5.99
0.67,Gorakhpur,India,26.7611,83.3667
0.67,Bahār,Iran,34.9069,48.4414
0.67,Acapulco de Juárez,Mexico,16.8636,-99.8825
0.67,Palermo,Italy,38.1111,13.3517
0.67,Puyang Chengguanzhen,China,35.7004,114.98
0.67,Huambo,Angola,-12.7667,15.7333
0.67,Tulsa,United States,36.1284,-95.9042
0.67,Guankou,China,30.9933,103.624
0.67,Songyang,China,34.4603,113.028
0.67,Cape Coral,United States,26.6446,-81.9956
0.67,Ch’ŏngjin,North Korea,41.8,129.7831
0.67,Qionghu,China,28.8417,112.3595
0.67,Ribeirão Prêto,Brazil,-21.1783,-47.8067
0.67,Zhaodong,China,46.0635,125.9773
0.66,Jalingo,Nigeria,8.9195,11.3264
0.66,Bouaké,Côte d'Ivoire,7.6833,-5.0331
0.66,Sialkot City,Pakistan,32.5,74.5333
0.66,Catia La Mar,Venezuela,10.6038,-67.0303
0.66,Sargodha,Pakistan,32.0836,72.6711
0.66,Lingbao Chengguanzhen,China,34.5221,110.8786
0.66,Hwasu-dong,South Korea,37.2,126.7667
0.66,Al Hufūf,Saudi Arabia,25.3608,49.5997
0.66,Bacoor,Philippines,14.4624,120.9645
0.66,Athens,Greece,37.9842,23.7281
0.66,Shulan,China,44.4079,126.9429
0.66,Wenchang,China,31.054,116.9507
0.66,Mazatlán,Mexico,23.2167,-106.4167
0.66,Tlaquepaque,Mexico,20.6167,-103.3167
